<?xml version="1.0" encoding="UTF-8"?>
<beans 
xsi:schemaLocation=" http://www.springframework.org/schema/beans 
http://www.springframework.org/schema/beans/spring-beans.xsd
 http://www.springframework.org/schema/mvc 
 http://www.springframework.org/schema/mvc/spring-mvc.xsd 
 http://www.springframework.org/schema/context 
 http://www.springframework.org/schema/context/spring-context.xsd"
  xmlns:xsi="http://www.w3.org/2001/XMLSchema-instance" 
  xmlns:context="http://www.springframework.org/schema/context" 
  xmlns:mvc="http://www.springframework.org/schema/mvc"
   xmlns="http://www.springframework.org/schema/beans">

<import resource="classpath:stu-bean.xml"/>

<context:component-scan base-package="Happy"/>

<context:annotation-config/>
<mvc:annotation-driven/>
	<mvc:resources  location="/resources/" mapping="/resources/**"></mvc:resources>


<bean class="org.springframework.web.servlet.view.InternalResourceViewResolver">

<property value="/" name="prefix"/>

<property value=".jsp" name="suffix"/>

</bean>
</beans>