<?xml version="1.0" encoding="UTF-8"?>
<beans xmlns="http://www.springframework.org/schema/beans"
    xmlns:mvc="http://www.springframework.org/schema/mvc"
    xmlns:context="http://www.springframework.org/schema/context"
    xmlns:xsi="http://www.w3.org/2001/XMLSchema-instance"
    xsi:schemaLocation="
        http://www.springframework.org/schema/beans     
        http://www.springframework.org/schema/beans/spring-beans.xsd
        http://www.springframework.org/schema/mvc 
        http://www.springframework.org/schema/mvc/spring-mvc.xsd
        http://www.springframework.org/schema/context 
        http://www.springframework.org/schema/context/spring-context.xsd" >
  
    <context:component-scan base-package="Happy" />

    <context:annotation-config />
    
  <bean class="org.springframework.jdbc.datasource.DriverManagerDataSource" id="datasource">

<property value="oracle.jdbc.driver.OracleDriver" name="driverClassName"/>

<property value="jdbc:oracle:thin:@localhost:1521:xe" name="url"/>

<property value="system" name="username"/>

<property value="asdf424" name="password"/>

</bean>
    <bean id="jdbcTemplate" class="org.springframework.jdbc.core.JdbcTemplate">
        <property name="dataSource" ref="datasource" />
    </bean>
    

    <bean id="Dao" class="Happy.DaoImpl" >
    	<property name="template" ref="jdbcTemplate" />
    </bean>

</beans>